userid;campaignid;datetime;action
05;2018-10-05;2018-09-30 06:34:12;open
18;2018-10-05;2018-09-29 23:51:07;open
14;2018-10-05;2018-09-29 21:53:01;open
19;2018-10-05;2018-09-29 14:27:40;open
19;2018-10-05;2018-09-29 14:27:37;open
19;2018-10-05;2018-09-29 14:27:34;open
14;2018-10-05;2018-09-29 12:36:53;open
11;2018-10-05;2018-09-29 07:49:09;open
16;2018-10-05;2018-09-29 02:25:03;open
03;2018-10-05;2018-09-29 01:39:45;click
03;2018-10-05;2018-09-29 01:39:44;open
03;2018-10-05;2018-09-29 01:39:40;open
03;2018-10-05;2018-09-29 01:39:38;open
24;2018-10-05;2018-09-29 01:03:15;click
24;2018-10-05;2018-09-29 01:01:56;open
24;2018-10-05;2018-09-29 01:01:53;open
08;2018-09-14;2018-09-21 16:44:34;click
08;2018-09-14;2018-09-21 16:44:30;click
08;2018-09-14;2018-09-21 16:44:25;click
08;2018-09-14;2018-09-21 16:35:36;click
08;2018-09-14;2018-09-21 16:34:53;click
08;2018-09-14;2018-09-21 16:18:57;click
18;2018-09-14;2018-09-19 10:39:17;open
19;2018-09-14;2018-09-19 05:25:25;open
19;2018-09-14;2018-09-19 05:25:21;open
15;2018-09-14;2018-09-18 18:05:47;open
15;2018-09-14;2018-09-18 18:05:05;open
17;2018-09-14;2018-09-18 15:31:41;open
10;2018-09-14;2018-09-17 10:36:36;click
25;2018-09-14;2018-09-17 10:23:18;open
25;2018-09-14;2018-09-17 10:22:11;click
25;2018-09-14;2018-09-17 10:22:06;click
25;2018-09-14;2018-09-17 10:21:45;open
25;2018-09-14;2018-09-17 10:21:42;open
21;2018-09-14;2018-09-17 08:39:29;open
21;2018-09-14;2018-09-17 08:38:58;open
13;2018-09-14;2018-09-17 03:21:44;open
13;2018-09-14;2018-09-17 03:21:41;open
11;2018-09-14;2018-09-16 12:12:51;open
01;2018-09-14;2018-09-15 19:49:54;open
17;2018-09-14;2018-09-15 11:12:03;click
17;2018-09-14;2018-09-15 11:11:19;click
17;2018-09-14;2018-09-15 11:07:33;click
17;2018-09-14;2018-09-15 11:07:09;open
17;2018-09-14;2018-09-15 11:07:03;open
19;2018-09-14;2018-09-15 09:39:07;open
19;2018-09-14;2018-09-15 09:39:05;open
14;2018-09-14;2018-09-15 08:11:59;open
09;2018-09-14;2018-09-15 05:43:24;open
01;2018-09-14;2018-09-15 01:12:26;open
24;2018-09-14;2018-09-15 00:17:22;open
03;2018-08-31;2018-09-12 20:45:13;open
03;2018-08-31;2018-09-12 20:45:10;open
01;2018-08-17;2018-09-11 10:04:06;open
01;2018-08-17;2018-09-09 21:53:23;open
01;2018-08-17;2018-09-09 21:52:59;open
08;2018-08-31;2018-09-04 09:49:34;click
08;2018-08-31;2018-09-04 09:48:35;open
18;2018-08-31;2018-09-03 19:54:29;open
04;2018-08-31;2018-09-03 13:21:12;open
21;2018-08-31;2018-09-03 11:18:44;open
10;2018-08-31;2018-09-03 10:33:37;click
10;2018-08-31;2018-09-03 10:33:12;click
10;2018-08-31;2018-09-03 10:33:07;click
25;2018-08-31;2018-09-03 10:21:50;open
25;2018-08-31;2018-09-03 10:20:40;open
08;2018-08-31;2018-09-03 08:40:27;click
08;2018-08-31;2018-09-03 08:40:12;click
01;2018-01-12;2018-09-02 22:39:36;open
01;2018-01-12;2018-09-02 21:50:46;open
25;2018-08-31;2018-09-01 17:26:36;open
14;2018-08-31;2018-09-01 12:06:48;click
14;2018-08-31;2018-09-01 12:06:19;open
11;2018-08-31;2018-09-01 09:55:57;open
18;2018-08-31;2018-09-01 06:46:11;open
03;2018-08-31;2018-09-01 05:13:39;open
09;2018-08-31;2018-09-01 02:55:44;open
13;2018-08-31;2018-09-01 00:04:16;click
13;2018-08-31;2018-09-01 00:03:48;open
16;2018-08-31;2018-08-31 22:35:50;open
04;2018-08-17;2018-08-31 13:44:21;click
04;2018-08-17;2018-08-31 13:44:15;open
01;2018-01-12;2018-08-31 01:27:25;click
01;2018-01-12;2018-08-31 01:26:43;click
01;2018-01-12;2018-08-31 01:26:27;click
01;2018-01-12;2018-08-31 01:21:50;click
01;2018-01-12;2018-08-31 01:21:43;open
02;2018-08-17;2018-08-29 14:18:39;open
01;2018-08-17;2018-08-28 21:29:49;click
01;2018-08-17;2018-08-28 21:29:15;click
01;2018-08-17;2018-08-28 21:26:49;open
15;2018-08-17;2018-08-23 01:21:28;open
08;2018-08-17;2018-08-22 16:39:13;click
08;2018-08-17;2018-08-22 16:38:43;open
08;2018-08-17;2018-08-22 12:05:27;open
23;2017-11-24;2018-08-21 16:00:06;click
23;2017-11-24;2018-08-21 15:58:46;click
23;2017-11-24;2018-08-21 15:58:00;click
23;2017-11-24;2018-08-21 15:57:53;open
23;2017-10-13;2018-08-21 15:40:22;open
23;2017-11-03;2018-08-21 15:30:52;open
23;2017-11-17;2018-08-21 15:30:42;open
23;2018-01-12;2018-08-21 15:30:26;open
23;2018-03-02;2018-08-21 15:30:07;open
23;2018-07-20;2018-08-21 15:21:40;click
23;2018-07-20;2018-08-21 15:10:42;click
23;2018-07-20;2018-08-21 15:10:32;open
23;2018-08-17;2018-08-21 15:05:38;click
23;2018-08-17;2018-08-21 14:53:11;click
23;2018-08-17;2018-08-21 14:52:27;open
23;2018-06-29;2018-08-21 11:02:11;open
22;2018-08-17;2018-08-20 15:00:33;open
25;2018-08-17;2018-08-20 11:56:08;open
10;2018-08-17;2018-08-20 10:12:17;click
10;2018-08-17;2018-08-20 10:11:58;click
10;2018-08-17;2018-08-20 10:11:40;click
10;2018-08-17;2018-08-20 10:11:37;click
18;2018-08-17;2018-08-19 10:43:58;open
01;2018-08-17;2018-08-19 00:02:14;open
09;2018-08-17;2018-08-18 11:03:09;open
18;2018-08-17;2018-08-18 07:43:46;open
03;2018-08-17;2018-08-18 00:43:19;open
03;2018-08-17;2018-08-18 00:43:13;open
14;2018-08-17;2018-08-17 23:30:37;click
14;2018-08-17;2018-08-17 23:30:05;open
16;2018-08-17;2018-08-17 19:24:31;click
16;2018-08-17;2018-08-17 19:21:32;click
16;2018-08-17;2018-08-17 19:21:11;open
01;2018-08-17;2018-08-17 19:15:02;open
01;2018-08-17;2018-08-17 19:14:57;click
13;2018-08-17;2018-08-17 19:12:44;open
01;2018-08-17;2018-08-17 19:10:52;open
01;2018-08-17;2018-08-17 19:10:49;open
01;2018-08-17;2018-08-17 19:10:47;open
06;2018-08-17;2018-08-17 18:09:51;open
15;2018-07-13;2018-08-11 18:57:09;open
18;2018-06-29;2018-07-30 13:18:19;open
18;2018-06-29;2018-07-30 13:18:16;open
01;2018-01-12;2018-07-25 01:04:34;click
01;2018-03-02;2018-07-25 01:04:26;open
01;2018-01-12;2018-07-25 01:04:22;click
01;2018-01-12;2018-07-25 01:04:07;click
01;2018-01-12;2018-07-25 01:04:00;click
01;2018-01-12;2018-07-25 01:03:50;open
01;2018-05-11;2018-07-25 01:03:35;open
01;2018-03-02;2018-07-25 01:03:15;click
01;2018-03-02;2018-07-25 01:02:58;click
01;2018-03-02;2018-07-25 01:02:28;open
01;2018-05-11;2018-07-25 01:02:12;open
01;2018-04-27;2018-07-25 01:01:55;click
01;2018-04-27;2018-07-25 01:01:39;open
01;2018-04-06;2018-07-25 01:01:27;click
01;2018-04-06;2018-07-25 01:00:53;click
01;2018-04-06;2018-07-25 01:00:38;open
01;2018-06-01;2018-07-25 00:57:52;click
01;2018-06-01;2018-07-25 00:57:37;open
01;2018-06-22;2018-07-25 00:57:19;click
01;2018-06-22;2018-07-25 00:57:07;open
01;2018-06-22;2018-07-25 00:56:53;click
01;2018-06-22;2018-07-25 00:56:43;open
01;2018-06-29;2018-07-25 00:56:24;click
01;2018-06-29;2018-07-25 00:56:09;click
01;2018-06-29;2018-07-25 00:55:55;open
01;2018-07-13;2018-07-25 00:55:38;open
01;2018-07-20;2018-07-25 00:55:13;click
01;2018-07-20;2018-07-25 00:54:56;open
08;2018-07-20;2018-07-24 16:11:52;open
06;2018-07-20;2018-07-23 15:21:32;open
21;2018-07-20;2018-07-23 12:11:02;open
25;2018-07-20;2018-07-23 11:12:56;click
25;2018-07-20;2018-07-23 11:12:48;open
10;2018-07-20;2018-07-23 10:31:49;click
10;2018-07-20;2018-07-23 10:31:45;click
08;2018-07-20;2018-07-23 09:03:19;click
08;2018-07-20;2018-07-23 09:03:12;click
08;2018-07-20;2018-07-23 09:02:12;click
08;2018-07-20;2018-07-23 08:58:25;click
08;2018-07-20;2018-07-23 08:56:27;click
08;2018-07-20;2018-07-23 08:50:42;click
08;2018-07-20;2018-07-23 08:50:28;open
08;2018-07-20;2018-07-23 08:48:23;click
18;2018-07-20;2018-07-23 08:16:34;open
18;2018-07-20;2018-07-23 08:16:31;open
01;2018-07-20;2018-07-21 18:38:57;click
01;2018-07-20;2018-07-21 18:02:18;click
01;2018-07-20;2018-07-21 18:02:06;open
04;2018-07-20;2018-07-21 13:02:54;click
14;2018-07-20;2018-07-21 08:39:21;open
24;2018-07-20;2018-07-21 06:41:20;open
09;2018-07-20;2018-07-21 05:02:44;open
03;2018-07-20;2018-07-20 23:23:37;open
16;2018-07-20;2018-07-20 23:09:27;open
03;2018-07-20;2018-07-20 22:57:59;click
03;2018-07-20;2018-07-20 22:57:53;open
13;2018-07-20;2018-07-20 22:54:31;open
16;2018-07-20;2018-07-20 22:43:25;open
16;2018-07-20;2018-07-20 22:41:39;open
11;2018-07-13;2018-07-19 13:28:57;open
11;2018-07-13;2018-07-19 10:28:51;open
03;2018-07-13;2018-07-17 15:40:22;open
15;2018-07-13;2018-07-16 23:16:47;open
08;2018-07-13;2018-07-16 09:39:56;click
08;2018-07-13;2018-07-16 09:39:30;open
25;2018-07-13;2018-07-16 09:07:34;open
20;2018-07-13;2018-07-16 09:06:02;click
20;2018-07-13;2018-07-16 09:05:45;click
21;2018-07-13;2018-07-16 08:57:13;open
03;2018-07-13;2018-07-16 05:12:47;open
19;2018-07-13;2018-07-16 00:21:51;open
15;2018-07-13;2018-07-15 23:37:52;open
15;2018-06-29;2018-07-14 18:27:59;open
15;2018-07-13;2018-07-14 18:27:12;open
15;2018-07-13;2018-07-14 18:26:21;open
15;2018-07-13;2018-07-14 18:26:02;open
11;2018-07-13;2018-07-14 10:38:37;open
18;2018-07-13;2018-07-14 09:07:22;open
14;2018-07-13;2018-07-14 07:48:52;click
14;2018-07-13;2018-07-14 07:48:20;open
01;2018-07-13;2018-07-14 00:25:48;click
01;2018-07-13;2018-07-14 00:25:36;click
01;2018-07-13;2018-07-14 00:25:21;click
01;2018-07-13;2018-07-14 00:24:15;open
09;2018-07-13;2018-07-14 00:13:52;open
01;2018-07-13;2018-07-14 00:13:45;open
16;2018-07-13;2018-07-13 23:48:58;open
01;2018-07-13;2018-07-13 23:40:20;click
01;2018-07-13;2018-07-13 23:39:46;click
01;2018-07-13;2018-07-13 23:39:18;open
11;2018-07-13;2018-07-13 23:28:44;click
13;2018-07-13;2018-07-13 22:49:15;click
13;2018-07-13;2018-07-13 22:40:16;click
13;2018-07-13;2018-07-13 22:38:06;click
13;2018-07-13;2018-07-13 22:38:00;open
06;2018-07-13;2018-07-13 22:34:54;open
15;2018-06-29;2018-07-13 15:16:57;open
15;2018-06-29;2018-07-13 15:16:56;open
15;2018-06-29;2018-07-13 15:16:53;open
15;2018-06-29;2018-07-13 15:16:31;open
08;2018-06-29;2018-07-11 14:48:57;open
08;2018-06-29;2018-07-11 14:29:39;click
08;2018-06-29;2018-07-11 14:29:21;click
08;2018-06-29;2018-07-11 14:25:24;click
08;2018-06-29;2018-07-11 14:24:28;open
22;2018-06-22;2018-07-09 16:24:48;open
11;2017-12-15;2018-07-04 18:09:29;open
15;2018-06-29;2018-07-04 01:28:31;open
02;2018-06-29;2018-07-03 11:25:04;click
02;2018-06-29;2018-07-03 11:25:03;click
02;2018-06-29;2018-07-03 11:24:44;open
14;2018-06-29;2018-07-02 16:49:05;click
14;2018-06-29;2018-07-02 16:48:01;open
25;2018-06-29;2018-07-02 13:02:47;open
10;2018-06-29;2018-07-02 10:54:04;click
10;2018-06-29;2018-07-02 10:53:43;click
10;2018-06-29;2018-07-02 10:53:38;click
10;2018-06-29;2018-07-02 10:53:35;click
20;2018-06-29;2018-07-02 09:47:28;click
20;2018-06-29;2018-07-02 09:47:19;click
21;2018-06-29;2018-07-02 09:34:45;open
09;2018-06-29;2018-06-30 12:44:05;open
14;2018-06-29;2018-06-30 10:00:03;open
11;2018-06-29;2018-06-30 07:49:27;open
15;2018-06-29;2018-06-29 23:15:31;open
13;2018-06-29;2018-06-29 22:16:34;open
11;2018-06-29;2018-06-29 21:44:07;click
24;2018-06-29;2018-06-29 21:43:21;click
24;2018-06-29;2018-06-29 21:43:13;open
16;2018-06-29;2018-06-29 21:24:49;open
06;2018-06-29;2018-06-29 21:21:40;open
03;2018-06-29;2018-06-29 21:16:59;open
03;2018-06-29;2018-06-29 21:16:49;open
03;2018-06-22;2018-06-25 19:52:36;open
03;2018-06-22;2018-06-25 19:50:44;click
03;2018-06-22;2018-06-25 19:50:32;open
06;2018-06-22;2018-06-25 15:31:10;open
21;2018-06-22;2018-06-25 10:19:32;open
21;2018-06-22;2018-06-25 10:06:54;open
21;2018-06-22;2018-06-25 09:57:08;open
08;2018-06-22;2018-06-25 09:33:15;click
08;2018-06-22;2018-06-25 09:32:08;click
08;2018-06-22;2018-06-25 09:31:26;click
08;2018-06-22;2018-06-25 09:26:01;click
25;2018-06-22;2018-06-25 09:22:44;open
08;2018-06-22;2018-06-25 08:58:59;click
08;2018-06-22;2018-06-25 08:58:55;open
08;2018-06-22;2018-06-25 08:55:28;click
08;2018-06-22;2018-06-25 08:41:00;open
08;2018-06-22;2018-06-25 08:26:19;open
01;2018-06-22;2018-06-25 01:06:24;click
01;2018-06-22;2018-06-25 01:06:11;click
01;2018-06-22;2018-06-25 01:06:01;click
01;2018-06-22;2018-06-25 01:05:46;click
01;2018-06-22;2018-06-25 01:05:20;click
01;2018-06-22;2018-06-25 01:05:08;click
01;2018-06-22;2018-06-25 01:04:20;open
22;2018-06-22;2018-06-23 17:54:40;open
01;2018-06-22;2018-06-23 09:40:43;click
01;2018-06-22;2018-06-23 09:40:31;click
01;2018-06-22;2018-06-23 09:39:40;click
01;2018-06-22;2018-06-23 09:37:36;open
14;2018-06-22;2018-06-23 08:32:33;open
03;2018-06-22;2018-06-23 02:14:29;open
16;2018-06-22;2018-06-23 00:02:06;open
09;2018-06-22;2018-06-22 23:28:00;click
09;2018-06-22;2018-06-22 23:27:45;click
09;2018-06-22;2018-06-22 23:27:38;open
13;2018-06-22;2018-06-22 23:01:32;click
13;2018-06-22;2018-06-22 22:59:04;click
13;2018-06-22;2018-06-22 22:58:56;open
15;2018-06-01;2018-06-17 21:31:13;open
15;2018-05-18;2018-06-10 01:00:46;open
15;2018-06-01;2018-06-10 00:58:18;open
08;2018-06-01;2018-06-08 09:16:41;click
08;2018-06-01;2018-06-08 09:16:15;click
08;2018-06-01;2018-06-08 09:11:43;click
08;2018-06-01;2018-06-08 09:11:34;click
08;2018-06-01;2018-06-08 09:09:03;click
08;2018-06-01;2018-06-08 09:06:51;click
08;2018-06-01;2018-06-08 08:48:33;click
08;2018-06-01;2018-06-08 08:47:37;click
08;2018-06-01;2018-06-08 08:42:52;click
20;2018-06-01;2018-06-05 10:21:31;click
20;2018-06-01;2018-06-05 10:21:21;click
12;2018-06-01;2018-06-05 02:25:40;click
12;2018-06-01;2018-06-05 02:25:33;click
12;2018-06-01;2018-06-05 02:25:23;click
12;2018-06-01;2018-06-05 02:25:03;open
06;2018-06-01;2018-06-04 15:29:41;open
15;2018-06-01;2018-06-04 15:15:39;open
01;2018-06-01;2018-06-04 10:34:47;click
25;2018-06-01;2018-06-04 10:12:34;open
01;2018-06-01;2018-06-04 10:03:00;open
01;2018-06-01;2018-06-04 10:02:02;open
01;2018-06-01;2018-06-04 10:01:58;open
01;2018-06-01;2018-06-04 10:00:40;open
01;2018-06-01;2018-06-04 09:10:31;open
09;2018-06-01;2018-06-03 18:32:31;click
09;2018-06-01;2018-06-03 18:32:23;click
09;2018-06-01;2018-06-03 18:32:14;open
09;2018-06-01;2018-06-03 02:11:07;open
11;2018-06-01;2018-06-02 13:21:15;open
14;2018-06-01;2018-06-02 12:08:32;click
14;2018-06-01;2018-06-02 12:07:52;open
04;2018-06-01;2018-06-02 10:59:03;click
04;2018-06-01;2018-06-02 10:58:25;open
01;2018-06-01;2018-06-01 23:40:27;open
01;2018-06-01;2018-06-01 23:36:15;open
01;2018-06-01;2018-06-01 23:30:07;open
13;2018-06-01;2018-06-01 22:54:59;open
03;2018-06-01;2018-06-01 22:41:04;open
03;2018-06-01;2018-06-01 22:38:20;click
03;2018-06-01;2018-06-01 22:38:18;click
03;2018-06-01;2018-06-01 22:37:13;open
24;2018-06-01;2018-06-01 22:31:16;click
24;2018-06-01;2018-06-01 22:31:07;open
14;2018-05-18;2018-05-22 11:26:23;open
14;2018-05-18;2018-05-22 11:26:19;open
08;2018-05-18;2018-05-22 08:48:35;click
08;2018-05-18;2018-05-22 08:48:01;click
08;2018-05-18;2018-05-22 08:47:19;click
03;2018-05-18;2018-05-22 00:32:23;open
03;2018-05-18;2018-05-22 00:32:10;open
03;2018-05-18;2018-05-22 00:32:09;open
10;2018-05-18;2018-05-21 10:23:52;click
10;2018-05-18;2018-05-21 10:22:59;click
10;2018-05-18;2018-05-21 10:22:45;click
17;2018-05-18;2018-05-21 08:55:09;open
25;2018-05-18;2018-05-19 15:27:13;open
11;2018-05-18;2018-05-19 07:22:39;open
16;2018-05-18;2018-05-18 23:10:31;open
06;2018-05-18;2018-05-18 21:56:40;open
13;2018-05-18;2018-05-18 21:46:34;open
13;2018-05-18;2018-05-18 21:46:29;open
13;2018-05-18;2018-05-18 21:46:27;open
13;2018-05-18;2018-05-18 21:46:26;open
13;2018-05-18;2018-05-18 21:46:24;open
13;2018-05-18;2018-05-18 21:46:23;open
13;2018-05-18;2018-05-18 21:46:18;open
13;2018-05-18;2018-05-18 21:46:17;open
13;2018-05-18;2018-05-18 21:46:16;open
14;2018-05-18;2018-05-18 21:46:13;open
13;2018-05-18;2018-05-18 21:46:06;open
13;2018-05-18;2018-05-18 21:46:03;open
13;2018-05-18;2018-05-18 21:45:45;open
13;2018-05-18;2018-05-18 21:45:44;open
13;2018-05-18;2018-05-18 21:45:42;open
13;2018-05-18;2018-05-18 21:45:28;open
13;2018-05-18;2018-05-18 21:45:24;open
13;2018-05-18;2018-05-18 21:45:23;open
13;2018-05-18;2018-05-18 21:45:19;open
13;2018-05-18;2018-05-18 21:45:11;open
13;2018-05-18;2018-05-18 21:45:04;open
13;2018-05-18;2018-05-18 21:45:03;open
13;2018-05-18;2018-05-18 21:45:02;open
13;2018-05-18;2018-05-18 21:44:54;open
18;2018-05-18;2018-05-18 21:40:41;open
05;2018-05-11;2018-05-15 17:56:14;open
05;2018-05-11;2018-05-15 17:56:13;open
05;2018-05-11;2018-05-15 17:06:22;open
05;2018-04-13;2018-05-14 20:11:54;open
05;2018-04-13;2018-05-14 20:11:48;open
25;2018-05-11;2018-05-14 13:45:19;open
05;2018-04-13;2018-05-14 10:48:51;open
04;2018-05-11;2018-05-14 10:29:31;open
04;2018-05-11;2018-05-14 07:24:44;open
13;2018-05-11;2018-05-14 05:52:14;open
05;2018-04-13;2018-05-14 05:06:14;click
05;2018-04-13;2018-05-14 05:05:45;open
05;2018-04-27;2018-05-14 05:05:12;click
05;2018-04-27;2018-05-14 05:04:31;click
05;2018-04-27;2018-05-14 05:03:47;open
05;2018-04-27;2018-05-14 05:03:46;open
05;2018-05-11;2018-05-14 05:00:35;click
05;2018-05-11;2018-05-14 05:00:29;click
05;2018-05-11;2018-05-14 04:59:21;click
05;2018-05-11;2018-05-14 04:58:15;click
05;2018-05-11;2018-05-14 04:56:30;click
05;2018-05-11;2018-05-14 04:56:21;open
05;2018-05-11;2018-05-14 04:56:20;open
05;2018-05-11;2018-05-13 15:47:45;open
11;2018-05-11;2018-05-13 09:51:46;open
21;2018-05-11;2018-05-13 02:57:21;open
21;2018-05-11;2018-05-13 02:57:15;open
21;2018-05-11;2018-05-13 02:56:50;open
21;2018-05-11;2018-05-13 02:55:50;open
21;2018-05-11;2018-05-13 02:32:19;open
21;2018-05-11;2018-05-13 02:21:17;open
14;2018-05-11;2018-05-12 08:34:31;click
14;2018-05-11;2018-05-12 08:34:17;open
18;2018-05-11;2018-05-12 06:47:08;open
18;2018-05-11;2018-05-12 06:37:22;open
01;2018-05-11;2018-05-12 00:56:02;open
13;2018-05-11;2018-05-11 21:19:35;click
13;2018-05-11;2018-05-11 21:13:42;click
13;2018-05-11;2018-05-11 21:10:14;click
13;2018-05-11;2018-05-11 21:09:35;open
25;2018-05-11;2018-05-11 21:07:47;open
03;2018-05-11;2018-05-11 19:56:37;open
03;2018-05-11;2018-05-11 19:54:19;click
03;2018-05-11;2018-05-11 19:53:50;click
03;2018-05-11;2018-05-11 19:53:26;open
03;2018-05-11;2018-05-11 19:53:25;open
16;2018-05-11;2018-05-11 19:40:32;open
24;2018-05-11;2018-05-11 19:27:10;open
15;2018-04-27;2018-05-03 01:06:38;open
25;2018-04-27;2018-05-02 11:22:25;open
22;2018-04-27;2018-05-01 10:51:01;open
03;2018-04-27;2018-04-30 18:20:15;open
03;2018-04-27;2018-04-30 18:18:44;click
03;2018-04-27;2018-04-30 18:17:11;click
03;2018-04-27;2018-04-30 18:14:57;click
03;2018-04-27;2018-04-30 18:14:49;open
03;2018-04-27;2018-04-30 18:14:48;open
10;2018-04-27;2018-04-30 15:47:18;click
10;2018-04-27;2018-04-30 15:47:14;click
11;2018-04-27;2018-04-30 08:00:33;open
18;2018-04-27;2018-04-29 20:26:54;open
13;2018-04-27;2018-04-28 16:39:55;open
13;2018-04-27;2018-04-28 16:35:22;click
13;2018-04-27;2018-04-28 16:35:12;open
18;2018-04-27;2018-04-28 10:10:52;open
14;2018-04-27;2018-04-28 08:10:14;open
11;2018-04-27;2018-04-28 07:26:04;open
16;2018-04-27;2018-04-27 22:39:22;open
16;2018-04-27;2018-04-27 22:17:47;open
16;2018-04-27;2018-04-27 22:15:40;open
06;2018-04-27;2018-04-27 22:02:33;open
15;2018-04-06;2018-04-23 06:49:52;open
15;2018-04-13;2018-04-23 06:48:19;open
15;2018-04-13;2018-04-23 06:48:15;open
15;2018-04-13;2018-04-23 06:48:05;open
04;2018-04-06;2018-04-21 08:51:00;open
04;2018-04-13;2018-04-21 08:50:38;open
21;2018-04-06;2018-04-18 11:33:56;open
06;2018-04-13;2018-04-16 15:45:50;open
10;2018-04-13;2018-04-16 10:16:45;click
10;2018-04-13;2018-04-16 10:16:41;click
25;2018-04-13;2018-04-16 09:41:51;open
20;2018-04-13;2018-04-16 09:15:39;click
20;2018-04-13;2018-04-16 09:13:20;click
18;2018-04-13;2018-04-14 11:08:59;click
18;2018-04-13;2018-04-14 11:07:31;click
18;2018-04-13;2018-04-14 11:05:00;click
18;2018-04-13;2018-04-14 11:03:50;open
16;2018-04-13;2018-04-13 23:27:45;open
24;2018-04-13;2018-04-13 22:19:55;open
14;2018-04-13;2018-04-13 21:30:29;open
13;2018-04-13;2018-04-13 21:01:48;open
03;2018-04-13;2018-04-13 20:53:54;click
03;2018-04-13;2018-04-13 20:52:36;click
03;2018-04-13;2018-04-13 20:52:22;open
25;2018-04-06;2018-04-09 16:23:04;open
06;2018-04-06;2018-04-09 15:30:12;open
18;2018-04-06;2018-04-09 14:27:14;click
18;2018-04-06;2018-04-09 14:27:07;click
18;2018-04-06;2018-04-09 14:26:57;click
18;2018-04-06;2018-04-09 14:26:54;click
20;2018-04-06;2018-04-09 13:35:15;click
20;2018-04-06;2018-04-09 13:34:45;click
20;2018-04-06;2018-04-09 13:33:21;click
21;2018-04-06;2018-04-09 09:14:33;open
21;2018-04-06;2018-04-09 09:14:30;open
18;2018-04-06;2018-04-09 08:41:37;open
18;2018-04-06;2018-04-09 08:41:36;open
18;2018-04-06;2018-04-09 08:41:18;open
18;2018-04-06;2018-04-09 08:41:12;open
18;2018-04-06;2018-04-09 08:41:11;open
18;2018-04-06;2018-04-09 08:41:00;open
18;2018-04-06;2018-04-09 08:39:39;open
18;2018-04-06;2018-04-09 08:39:18;open
18;2018-04-06;2018-04-09 08:39:09;open
18;2018-04-06;2018-04-09 08:39:03;open
18;2018-04-06;2018-04-09 08:38:55;open
18;2018-04-06;2018-04-09 08:38:48;open
18;2018-04-06;2018-04-09 08:38:39;open
18;2018-04-06;2018-04-09 08:38:38;open
18;2018-04-06;2018-04-09 08:38:18;click
18;2018-04-06;2018-04-09 08:37:32;open
13;2018-04-06;2018-04-09 04:25:28;click
13;2018-04-06;2018-04-09 04:23:54;click
13;2018-04-06;2018-04-09 04:20:34;click
13;2018-04-06;2018-04-09 04:17:16;click
13;2018-04-06;2018-04-09 04:14:35;click
13;2018-04-06;2018-04-09 04:13:48;open
14;2018-04-06;2018-04-08 07:37:35;open
15;2018-04-06;2018-04-08 00:19:17;open
18;2018-04-06;2018-04-07 20:58:04;open
14;2018-04-06;2018-04-07 17:11:31;click
14;2018-04-06;2018-04-07 17:10:50;open
11;2018-04-06;2018-04-07 14:45:29;open
19;2018-04-06;2018-04-07 10:08:01;click
17;2018-04-06;2018-04-07 08:05:39;open
19;2018-04-06;2018-04-07 02:24:40;click
19;2018-04-06;2018-04-07 02:23:57;click
03;2018-04-06;2018-04-07 01:07:07;click
03;2018-04-06;2018-04-07 01:06:17;click
03;2018-04-06;2018-04-07 01:05:57;open
16;2018-04-06;2018-04-06 23:44:45;open
24;2018-04-06;2018-04-06 23:00:46;click
24;2018-04-06;2018-04-06 22:58:23;open
21;2018-03-16;2018-03-26 17:18:46;open
13;2018-03-16;2018-03-26 16:54:59;open
13;2018-03-16;2018-03-26 16:54:46;click
13;2018-03-16;2018-03-26 16:48:48;click
13;2018-03-16;2018-03-26 16:47:45;open
13;2018-03-16;2018-03-22 16:39:28;open
13;2018-03-16;2018-03-22 16:39:26;open
13;2018-03-16;2018-03-22 16:39:25;open
13;2018-03-16;2018-03-22 16:39:19;open
13;2018-03-16;2018-03-22 16:39:18;open
13;2018-03-16;2018-03-22 16:39:17;open
13;2018-03-16;2018-03-22 16:39:00;open
14;2018-03-16;2018-03-21 20:29:57;open
25;2018-03-16;2018-03-21 13:44:54;open
04;2018-03-16;2018-03-20 11:20:59;open
10;2018-03-16;2018-03-20 10:34:59;click
10;2018-03-16;2018-03-20 10:34:55;click
13;2018-03-16;2018-03-19 21:02:44;click
13;2018-03-16;2018-03-19 21:02:34;open
03;2018-03-16;2018-03-19 19:33:56;open
13;2018-03-16;2018-03-19 17:26:16;click
13;2018-03-16;2018-03-19 15:29:12;open
06;2018-03-16;2018-03-19 14:38:26;open
10;2018-03-16;2018-03-19 11:55:25;click
10;2018-03-16;2018-03-19 11:55:18;click
10;2018-03-16;2018-03-19 11:55:17;click
10;2018-03-16;2018-03-19 11:55:13;click
25;2018-03-16;2018-03-19 10:39:43;open
18;2018-03-16;2018-03-19 10:03:51;open
21;2018-03-16;2018-03-19 09:40:53;open
06;2018-03-16;2018-03-19 02:53:38;open
18;2018-03-16;2018-03-18 20:52:41;open
15;2018-03-16;2018-03-18 16:41:30;open
14;2018-03-16;2018-03-17 07:03:19;open
01;2018-03-16;2018-03-16 23:46:50;click
01;2018-03-16;2018-03-16 23:38:56;click
01;2018-03-16;2018-03-16 23:38:45;open
16;2018-03-16;2018-03-16 23:34:39;open
10;2018-03-02;2018-03-12 12:18:45;click
10;2018-03-02;2018-03-12 12:18:22;click
10;2018-03-02;2018-03-12 12:18:13;click
10;2018-03-02;2018-03-12 12:18:10;click
10;2018-03-02;2018-03-12 12:18:07;click
25;2018-03-02;2018-03-12 11:26:21;click
25;2018-03-02;2018-03-12 11:25:45;open
21;2018-03-02;2018-03-05 15:24:24;open
04;2018-03-02;2018-03-05 12:26:14;open
04;2018-03-02;2018-03-05 08:28:08;open
18;2018-03-02;2018-03-04 17:09:09;open
15;2018-03-02;2018-03-04 09:32:10;open
24;2018-03-02;2018-03-02 23:19:10;open
04;2018-03-02;2018-03-02 21:57:35;click
13;2018-03-02;2018-03-02 21:08:19;click
03;2018-03-02;2018-03-02 21:07:35;click
03;2018-03-02;2018-03-02 21:07:12;open
06;2018-03-02;2018-03-02 21:00:07;open
13;2018-03-02;2018-03-02 20:52:30;click
13;2018-03-02;2018-03-02 20:52:21;open
13;2018-03-02;2018-03-02 20:50:49;click
13;2018-03-02;2018-03-02 20:49:50;click
16;2018-03-02;2018-03-02 20:49:44;open
13;2018-03-02;2018-03-02 20:49:02;click
13;2018-03-02;2018-03-02 20:48:30;open
06;2018-02-16;2018-02-20 15:59:14;open
22;2018-02-16;2018-02-20 10:28:16;open
22;2018-02-16;2018-02-20 10:17:41;click
21;2018-02-16;2018-02-20 09:02:44;open
21;2018-02-16;2018-02-20 09:02:22;open
21;2018-02-16;2018-02-20 09:02:20;open
15;2018-02-16;2018-02-19 23:45:31;open
22;2018-02-16;2018-02-19 10:06:44;open
10;2018-02-16;2018-02-19 09:55:44;click
10;2018-02-16;2018-02-19 09:55:33;click
10;2018-02-16;2018-02-19 09:55:30;click
02;2018-02-16;2018-02-18 15:18:33;open
04;2018-02-16;2018-02-17 21:01:18;open
14;2018-02-16;2018-02-17 11:49:45;click
04;2018-02-16;2018-02-17 09:40:19;click
04;2018-02-16;2018-02-17 09:38:39;open
14;2018-02-16;2018-02-17 08:45:54;click
13;2018-02-16;2018-02-17 00:37:12;click
13;2018-02-16;2018-02-17 00:30:24;click
13;2018-02-16;2018-02-17 00:30:18;open
18;2018-02-16;2018-02-16 21:15:09;click
18;2018-02-16;2018-02-16 21:14:24;click
18;2018-02-16;2018-02-16 21:13:45;open
16;2018-02-16;2018-02-16 20:25:59;open
03;2018-02-09;2018-02-12 23:30:38;click
03;2018-02-09;2018-02-12 23:25:43;click
03;2018-02-09;2018-02-12 23:25:12;open
02;2018-02-09;2018-02-12 17:54:41;open
06;2018-02-09;2018-02-12 15:31:41;open
10;2018-02-09;2018-02-12 10:28:30;click
10;2018-02-09;2018-02-12 10:28:01;click
10;2018-02-09;2018-02-12 10:27:43;click
10;2018-02-09;2018-02-12 10:27:40;click
21;2018-02-09;2018-02-12 09:03:22;open
24;2018-02-09;2018-02-10 00:40:38;open
13;2018-02-09;2018-02-09 23:19:54;open
14;2018-02-09;2018-02-09 22:52:35;click
16;2018-02-09;2018-02-09 21:55:54;open
04;2018-01-19;2018-01-25 08:16:00;open
13;2018-01-19;2018-01-22 15:11:14;open
19;2018-01-19;2018-01-22 11:58:06;open
20;2018-01-19;2018-01-22 09:02:07;click
20;2018-01-19;2018-01-22 09:01:35;click
20;2018-01-19;2018-01-22 09:01:28;click
15;2018-01-19;2018-01-21 01:08:13;open
02;2018-01-19;2018-01-20 18:02:24;open
21;2018-01-19;2018-01-20 16:30:54;click
21;2018-01-19;2018-01-20 16:30:29;open
21;2018-01-19;2018-01-20 16:30:15;open
21;2018-01-19;2018-01-20 16:30:09;open
10;2018-01-19;2018-01-20 14:19:29;open
14;2018-01-19;2018-01-20 10:04:22;open
03;2018-01-19;2018-01-20 00:40:20;open
06;2018-01-19;2018-01-19 22:08:44;open
18;2018-01-19;2018-01-19 22:00:51;open
16;2018-01-19;2018-01-19 21:51:51;open
24;2018-01-19;2018-01-19 21:44:43;open
04;2018-01-12;2018-01-19 18:42:27;open
04;2018-01-12;2018-01-19 17:08:36;open
04;2018-01-12;2018-01-19 17:03:02;open
04;2018-01-12;2018-01-19 12:56:21;open
20;2018-01-12;2018-01-18 14:25:03;click
20;2018-01-12;2018-01-18 14:10:39;click
20;2018-01-12;2018-01-18 14:10:00;click
20;2018-01-12;2018-01-18 14:07:16;click
20;2018-01-12;2018-01-18 14:05:33;click
22;2018-01-12;2018-01-18 08:54:12;click
15;2018-01-12;2018-01-16 23:32:21;open
02;2017-12-15;2018-01-16 10:53:01;open
02;2018-01-12;2018-01-16 10:44:49;click
02;2018-01-12;2018-01-16 10:44:46;click
02;2018-01-12;2018-01-16 10:44:39;open
10;2018-01-12;2018-01-15 15:23:16;click
10;2018-01-12;2018-01-15 15:23:13;click
18;2018-01-12;2018-01-15 10:23:52;open
18;2018-01-12;2018-01-15 10:20:44;click
18;2018-01-12;2018-01-15 10:20:20;open
21;2018-01-12;2018-01-14 22:37:50;open
04;2018-01-12;2018-01-14 10:05:26;open
19;2018-01-12;2018-01-13 17:19:11;open
04;2018-01-12;2018-01-12 21:23:24;click
04;2018-01-12;2018-01-12 21:21:56;click
04;2018-01-12;2018-01-12 21:18:37;open
14;2018-01-12;2018-01-12 18:48:13;open
03;2018-01-12;2018-01-12 18:38:29;click
03;2018-01-12;2018-01-12 18:37:06;click
03;2018-01-12;2018-01-12 18:36:53;open
16;2018-01-12;2018-01-12 17:51:29;open
13;2018-01-12;2018-01-12 17:49:10;click
10;2018-01-12;2018-01-12 17:47:00;click
10;2018-01-12;2018-01-12 17:46:56;click
13;2018-01-12;2018-01-12 17:46:50;click
13;2018-01-12;2018-01-12 17:46:43;open
03;2017-12-01;2018-01-03 02:05:38;open
15;2017-12-15;2017-12-28 13:19:33;open
20;2017-12-08;2017-12-21 10:44:05;click
20;2017-12-08;2017-12-21 10:43:12;click
20;2017-12-08;2017-12-21 10:42:36;click
20;2017-12-08;2017-12-21 10:42:06;click
20;2017-12-15;2017-12-21 10:36:01;click
20;2017-12-15;2017-12-21 10:35:55;click
20;2017-12-15;2017-12-21 10:34:43;click
03;2017-12-15;2017-12-18 21:06:22;click
03;2017-12-15;2017-12-18 21:06:11;open
10;2017-12-15;2017-12-18 10:34:24;click
10;2017-12-15;2017-12-18 10:34:10;click
10;2017-12-15;2017-12-18 10:33:40;click
10;2017-12-15;2017-12-18 10:33:35;click
10;2017-12-15;2017-12-18 10:33:31;click
04;2017-12-15;2017-12-18 08:15:53;open
21;2017-12-15;2017-12-17 15:37:09;open
21;2017-12-15;2017-12-17 15:37:05;open
15;2017-12-08;2017-12-16 10:32:28;open
15;2017-12-15;2017-12-16 10:30:37;open
13;2017-12-15;2017-12-15 22:40:03;open
16;2017-12-15;2017-12-15 20:05:50;open
10;2017-12-15;2017-12-15 19:36:57;open
24;2017-12-15;2017-12-15 18:30:28;open
06;2017-12-15;2017-12-15 18:26:16;open
10;2017-12-08;2017-12-15 12:52:28;click
10;2017-12-08;2017-12-15 12:52:15;click
10;2017-12-08;2017-12-15 12:51:55;click
10;2017-12-08;2017-12-15 12:51:53;click
15;2017-12-08;2017-12-11 20:44:31;open
02;2017-12-08;2017-12-11 13:24:11;open
17;2017-12-08;2017-12-10 17:48:56;open
19;2017-12-08;2017-12-10 13:51:17;open
19;2017-12-08;2017-12-10 13:50:59;open
19;2017-12-08;2017-12-10 13:50:57;open
21;2017-12-08;2017-12-09 18:13:43;open
15;2017-12-08;2017-12-09 13:57:12;open
01;2017-12-08;2017-12-09 10:23:55;click
01;2017-12-08;2017-12-09 10:23:10;click
01;2017-12-08;2017-12-09 10:22:29;open
11;2017-12-08;2017-12-09 05:20:43;open
03;2017-12-08;2017-12-08 22:37:02;click
03;2017-12-08;2017-12-08 22:36:56;open
13;2017-12-08;2017-12-08 20:40:34;open
14;2017-12-08;2017-12-08 20:03:46;click
14;2017-12-08;2017-12-08 19:54:19;open
10;2017-12-08;2017-12-08 19:44:31;click
10;2017-12-08;2017-12-08 19:40:41;click
15;2017-12-08;2017-12-08 19:38:40;open
15;2017-12-08;2017-12-08 19:38:26;open
15;2017-12-08;2017-12-08 19:38:23;open
10;2017-12-08;2017-12-08 19:33:56;click
10;2017-12-08;2017-12-08 19:33:02;open
10;2017-12-08;2017-12-08 19:30:44;open
15;2017-12-08;2017-12-08 19:12:25;click
15;2017-12-08;2017-12-08 19:12:13;open
16;2017-12-08;2017-12-08 19:09:59;open
15;2017-12-08;2017-12-08 19:07:49;open
06;2017-12-08;2017-12-08 18:52:13;open
15;2017-11-24;2017-12-05 01:58:09;open
15;2017-12-01;2017-12-05 01:57:25;open
20;2017-12-01;2017-12-04 08:46:34;click
22;2017-12-01;2017-12-04 08:39:52;open
15;2017-12-01;2017-12-02 12:15:09;open
15;2017-12-01;2017-12-02 12:14:49;open
02;2017-12-01;2017-12-02 10:04:44;open
13;2017-12-01;2017-12-01 21:30:30;open
17;2017-12-01;2017-12-01 17:24:48;open
21;2017-12-01;2017-12-01 17:23:25;open
16;2017-12-01;2017-12-01 17:21:27;open
06;2017-12-01;2017-12-01 17:17:19;open
21;2017-12-01;2017-12-01 17:14:08;open
21;2017-12-01;2017-12-01 17:14:06;open
10;2017-11-17;2017-11-28 13:17:51;click
10;2017-11-17;2017-11-28 13:17:12;click
10;2017-11-17;2017-11-28 13:17:07;click
03;2017-11-17;2017-11-28 02:07:40;open
03;2017-11-24;2017-11-28 01:41:29;open
13;2017-11-24;2017-11-27 17:11:52;open
13;2017-11-24;2017-11-27 17:09:31;open
10;2017-11-24;2017-11-27 15:26:17;click
10;2017-11-24;2017-11-27 15:26:08;click
10;2017-11-24;2017-11-27 15:26:04;click
15;2017-11-24;2017-11-26 04:17:03;open
02;2017-11-24;2017-11-25 14:06:32;open
03;2017-11-24;2017-11-25 01:02:14;open
16;2017-11-24;2017-11-24 22:10:50;open
11;2017-11-24;2017-11-24 17:44:13;click
21;2017-11-24;2017-11-24 17:30:11;open
10;2017-11-17;2017-11-22 10:43:11;click
10;2017-11-17;2017-11-22 10:43:09;click
02;2017-11-17;2017-11-21 14:03:19;open
20;2017-11-17;2017-11-20 17:31:33;click
21;2017-11-17;2017-11-20 15:24:56;open
10;2017-11-17;2017-11-20 11:58:18;open
21;2017-11-17;2017-11-20 11:09:30;open
21;2017-11-17;2017-11-20 11:09:27;open
21;2017-11-17;2017-11-20 09:34:11;open
15;2017-11-17;2017-11-18 13:14:31;open
15;2017-11-17;2017-11-18 13:14:29;open
15;2017-11-17;2017-11-18 13:14:25;open
23;2017-11-17;2017-11-17 20:36:39;open
16;2017-11-17;2017-11-17 18:47:33;open
14;2017-11-17;2017-11-17 18:10:40;open
14;2017-11-17;2017-11-17 18:10:00;open
06;2017-11-17;2017-11-17 18:03:12;open
13;2017-11-17;2017-11-17 17:57:53;click
13;2017-11-17;2017-11-17 17:56:48;click
13;2017-11-17;2017-11-17 17:55:49;open
02;2017-11-03;2017-11-16 09:15:24;open
22;2017-09-15;2017-11-15 09:42:19;open
15;2017-11-03;2017-11-10 18:16:14;open
15;2017-11-03;2017-11-06 16:29:14;open
10;2017-11-03;2017-11-06 10:08:07;click
10;2017-11-03;2017-11-06 10:08:04;click
21;2017-11-03;2017-11-06 09:17:09;open
15;2017-11-03;2017-11-06 03:09:19;open
15;2017-11-03;2017-11-06 00:02:49;open
15;2017-11-03;2017-11-05 18:42:19;open
13;2017-11-03;2017-11-04 01:10:03;open
23;2017-11-03;2017-11-03 23:45:30;open
03;2017-11-03;2017-11-03 19:32:48;click
03;2017-11-03;2017-11-03 19:32:43;click
03;2017-11-03;2017-11-03 19:31:23;open
16;2017-11-03;2017-11-03 18:18:06;open
15;2017-11-03;2017-11-03 18:14:48;open
15;2017-11-03;2017-11-03 18:14:37;open
10;2017-11-03;2017-11-03 18:09:48;click
10;2017-11-03;2017-11-03 18:09:44;click
24;2017-11-03;2017-11-03 17:55:48;open
15;2017-10-27;2017-10-30 13:28:56;open
21;2017-10-27;2017-10-30 11:22:46;open
20;2017-10-27;2017-10-30 09:38:01;click
20;2017-10-27;2017-10-30 09:37:46;click
21;2017-10-27;2017-10-30 08:57:43;open
15;2017-10-27;2017-10-30 05:36:13;open
15;2017-07-21;2017-10-30 05:21:01;open
15;2017-09-01;2017-10-30 05:20:46;open
15;2017-09-15;2017-10-30 05:19:45;open
15;2017-09-15;2017-10-30 05:18:26;open
15;2017-10-20;2017-10-30 05:07:45;open
15;2017-10-27;2017-10-30 02:26:05;open
13;2017-10-27;2017-10-27 21:12:36;open
24;2017-10-27;2017-10-27 20:01:51;open
13;2017-10-27;2017-10-27 19:53:36;open
06;2017-10-27;2017-10-27 18:34:39;open
16;2017-10-27;2017-10-27 18:29:18;open
22;2017-09-15;2017-10-27 15:30:15;click
22;2017-09-15;2017-10-27 15:23:37;click
22;2017-09-15;2017-10-27 15:19:28;click
15;2017-10-13;2017-10-26 00:31:08;open
15;2017-10-20;2017-10-26 00:28:53;open
22;2017-10-20;2017-10-25 09:13:31;open
21;2017-10-13;2017-10-24 15:31:46;open
21;2017-10-13;2017-10-24 15:31:44;open
03;2017-10-20;2017-10-23 22:37:48;open
10;2017-06-09;2017-10-23 12:45:03;click
10;2017-06-09;2017-10-23 12:44:58;click
20;2017-10-20;2017-10-23 08:58:28;click
20;2017-10-20;2017-10-23 08:58:22;click
20;2017-10-20;2017-10-23 08:58:04;click
20;2017-10-20;2017-10-23 08:57:32;click
20;2017-10-20;2017-10-23 08:57:27;click
20;2017-10-20;2017-10-23 08:57:20;click
20;2017-10-20;2017-10-23 08:57:12;click
20;2017-10-20;2017-10-23 08:55:42;click
20;2017-10-20;2017-10-23 08:55:26;click
11;2017-10-20;2017-10-21 16:56:26;open
03;2017-10-20;2017-10-21 01:25:25;open
03;2017-10-20;2017-10-21 01:25:18;open
03;2017-10-20;2017-10-21 01:20:30;open
03;2017-10-20;2017-10-21 01:20:28;open
03;2017-10-20;2017-10-21 01:20:23;open
03;2017-10-20;2017-10-21 01:20:20;open
03;2017-10-20;2017-10-21 01:20:18;open
03;2017-10-20;2017-10-21 01:20:16;open
03;2017-10-20;2017-10-21 01:20:15;open
03;2017-10-20;2017-10-21 01:20:14;open
03;2017-10-20;2017-10-21 01:20:13;open
03;2017-10-20;2017-10-21 01:20:12;open
03;2017-10-20;2017-10-21 01:20:07;open
03;2017-10-20;2017-10-21 01:20:06;open
03;2017-10-20;2017-10-21 01:20:05;open
03;2017-10-20;2017-10-21 01:20:03;open
03;2017-10-20;2017-10-21 01:20:00;open
03;2017-10-20;2017-10-21 01:19:52;open
03;2017-10-20;2017-10-21 01:19:49;open
03;2017-10-20;2017-10-21 01:19:48;open
03;2017-10-20;2017-10-21 01:19:47;open
03;2017-10-20;2017-10-21 01:19:44;open
03;2017-10-20;2017-10-21 01:19:43;open
03;2017-10-20;2017-10-21 01:19:42;open
03;2017-10-20;2017-10-21 01:19:41;open
03;2017-10-20;2017-10-21 01:19:40;open
03;2017-10-20;2017-10-21 01:19:39;open
03;2017-10-20;2017-10-21 01:19:33;open
03;2017-10-20;2017-10-21 01:19:32;open
03;2017-10-20;2017-10-21 01:19:29;open
03;2017-10-20;2017-10-21 01:19:28;open
03;2017-10-20;2017-10-21 01:19:26;open
03;2017-10-20;2017-10-21 01:19:25;open
03;2017-10-20;2017-10-21 01:19:23;open
03;2017-10-20;2017-10-21 01:17:12;click
03;2017-10-20;2017-10-21 01:17:00;click
03;2017-10-20;2017-10-21 01:16:18;open
03;2017-10-13;2017-10-20 22:28:01;open
16;2017-10-20;2017-10-20 19:14:49;open
13;2017-10-20;2017-10-20 18:47:53;click
10;2017-10-20;2017-10-20 18:43:27;click
10;2017-10-20;2017-10-20 18:43:24;click
13;2017-10-20;2017-10-20 18:40:46;click
13;2017-10-20;2017-10-20 18:34:23;click
13;2017-10-20;2017-10-20 18:27:04;click
13;2017-10-20;2017-10-20 18:26:29;open
06;2017-10-20;2017-10-20 18:05:56;open
14;2017-10-20;2017-10-20 17:56:40;open
14;2017-10-20;2017-10-20 17:56:36;open
13;2017-10-13;2017-10-19 22:14:19;open
02;2017-10-13;2017-10-16 20:34:51;open
02;2017-10-06;2017-10-16 20:34:47;open
06;2017-10-13;2017-10-16 15:32:45;open
21;2017-10-13;2017-10-16 09:15:31;open
16;2017-10-13;2017-10-13 20:44:25;open
13;2017-10-13;2017-10-13 17:18:21;click
13;2017-10-13;2017-10-13 17:14:26;open
19;2017-10-06;2017-10-11 03:53:11;click
03;2017-09-29;2017-10-10 21:01:08;open
03;2017-10-06;2017-10-10 01:27:12;click
03;2017-10-06;2017-10-10 01:25:19;open
15;2017-10-06;2017-10-09 07:20:59;open
15;2017-10-06;2017-10-07 18:43:39;open
11;2017-10-06;2017-10-07 07:03:04;open
06;2017-10-06;2017-10-06 22:39:15;open
24;2017-10-06;2017-10-06 18:48:25;click
24;2017-10-06;2017-10-06 18:48:12;click
24;2017-10-06;2017-10-06 18:47:56;open
16;2017-10-06;2017-10-06 17:57:33;open
06;2017-10-06;2017-10-06 17:55:22;click
06;2017-10-06;2017-10-06 17:52:39;click
09;2017-10-06;2017-10-06 17:45:06;click
09;2017-10-06;2017-10-06 17:45:04;click
13;2017-10-06;2017-10-06 17:40:59;click
13;2017-10-06;2017-10-06 17:40:30;open
06;2017-10-06;2017-10-06 17:35:44;click
06;2017-10-06;2017-10-06 17:35:13;open
06;2017-10-06;2017-10-06 17:35:09;open
03;2017-09-29;2017-10-06 02:00:16;open
21;2017-08-25;2017-10-04 10:50:38;open
21;2017-09-29;2017-10-02 15:50:42;open
21;2017-09-29;2017-10-02 09:28:00;open
21;2017-09-29;2017-10-02 09:23:21;open
21;2017-09-29;2017-10-02 09:22:37;open
21;2017-09-29;2017-10-02 09:12:43;open
19;2017-09-29;2017-10-01 10:29:30;click
15;2017-09-29;2017-10-01 01:28:36;open
15;2017-09-29;2017-09-30 14:29:55;open
13;2017-09-29;2017-09-29 18:56:25;click
13;2017-09-29;2017-09-29 18:55:18;open
21;2017-09-29;2017-09-29 17:31:30;open
10;2017-09-29;2017-09-29 17:29:12;click
10;2017-09-29;2017-09-29 17:29:10;click
06;2017-09-29;2017-09-29 17:27:03;open
16;2017-09-29;2017-09-29 17:22:16;open
16;2017-09-29;2017-09-29 17:22:14;open
12;2017-09-15;2017-09-20 19:49:56;click
12;2017-09-15;2017-09-20 19:49:45;click
12;2017-09-15;2017-09-20 19:49:32;click
12;2017-09-15;2017-09-20 19:49:21;click
12;2017-09-15;2017-09-20 19:49:16;click
12;2017-09-15;2017-09-20 19:49:09;click
12;2017-09-15;2017-09-20 19:48:59;open
22;2017-09-15;2017-09-19 11:21:48;open
22;2017-09-15;2017-09-19 11:18:29;click
22;2017-09-15;2017-09-19 11:08:06;click
19;2017-09-15;2017-09-16 15:43:04;open
19;2017-09-15;2017-09-16 15:42:40;open
19;2017-09-15;2017-09-16 15:42:39;open
19;2017-09-15;2017-09-16 15:42:24;open
21;2017-09-15;2017-09-16 11:22:23;open
21;2017-09-15;2017-09-16 09:17:46;open
21;2017-09-15;2017-09-16 09:17:27;open
01;2017-09-15;2017-09-15 23:27:11;click
01;2017-09-15;2017-09-15 23:25:23;open
16;2017-09-15;2017-09-15 20:49:03;open
03;2017-09-15;2017-09-15 19:36:35;click
03;2017-09-15;2017-09-15 19:30:09;click
03;2017-09-15;2017-09-15 19:26:34;open
03;2017-09-15;2017-09-15 18:34:43;open
11;2017-09-15;2017-09-15 18:25:37;open
11;2017-09-15;2017-09-15 18:25:35;open
11;2017-09-15;2017-09-15 18:25:31;open
14;2017-09-15;2017-09-15 18:16:20;click
13;2017-09-15;2017-09-15 18:15:47;open
14;2017-09-15;2017-09-15 18:11:33;open
21;2017-09-01;2017-09-13 10:27:30;open
10;2017-09-01;2017-09-04 12:42:13;click
10;2017-09-01;2017-09-04 12:42:06;click
10;2017-09-01;2017-09-04 12:42:00;click
10;2017-09-01;2017-09-04 12:41:56;click
02;2017-09-01;2017-09-04 12:12:46;open
21;2017-09-01;2017-09-04 09:49:19;open
03;2017-09-01;2017-09-01 22:09:35;click
03;2017-09-01;2017-09-01 22:08:09;click
03;2017-09-01;2017-09-01 22:07:32;open
14;2017-09-01;2017-09-01 21:11:00;click
14;2017-09-01;2017-09-01 21:10:41;open
14;2017-09-01;2017-09-01 21:10:39;open
13;2017-09-01;2017-09-01 19:17:47;click
13;2017-09-01;2017-09-01 19:17:08;click
13;2017-09-01;2017-09-01 19:13:11;open
16;2017-09-01;2017-09-01 18:31:56;open
16;2017-09-01;2017-09-01 18:31:13;open
07;2017-08-25;2017-08-30 10:57:05;open
03;2017-08-25;2017-08-30 00:28:44;click
03;2017-08-25;2017-08-30 00:28:16;open
02;2017-08-25;2017-08-29 12:34:59;open
15;2017-07-07;2017-08-28 13:39:30;open
15;2017-08-25;2017-08-28 13:31:37;open
15;2017-08-25;2017-08-28 13:31:35;open
15;2017-08-25;2017-08-28 13:31:33;open
23;2017-08-25;2017-08-28 11:01:00;open
23;2017-08-25;2017-08-28 09:59:23;open
21;2017-08-25;2017-08-28 09:22:51;open
21;2017-08-25;2017-08-28 09:22:45;open
15;2017-08-25;2017-08-28 04:46:58;open
21;2017-08-25;2017-08-27 18:14:23;open
03;2017-08-25;2017-08-26 01:02:52;click
03;2017-08-25;2017-08-26 01:02:23;open
03;2017-08-25;2017-08-25 23:46:11;click
03;2017-08-25;2017-08-25 23:45:43;open
03;2017-08-25;2017-08-25 23:45:41;open
03;2017-08-25;2017-08-25 23:45:39;open
03;2017-08-25;2017-08-25 23:45:32;open
03;2017-08-25;2017-08-25 23:45:30;open
03;2017-08-25;2017-08-25 23:45:29;open
03;2017-08-25;2017-08-25 23:45:26;open
03;2017-08-25;2017-08-25 23:45:25;open
03;2017-08-25;2017-08-25 23:45:24;open
03;2017-08-25;2017-08-25 23:45:19;open
03;2017-08-25;2017-08-25 23:45:18;open
03;2017-08-25;2017-08-25 23:45:17;open
03;2017-08-25;2017-08-25 23:45:14;open
03;2017-08-25;2017-08-25 23:45:11;open
03;2017-08-25;2017-08-25 23:45:09;open
03;2017-08-25;2017-08-25 23:45:07;open
03;2017-08-25;2017-08-25 23:45:04;open
03;2017-08-25;2017-08-25 23:45:03;open
03;2017-08-25;2017-08-25 23:45:01;open
03;2017-08-25;2017-08-25 23:45:00;open
03;2017-08-25;2017-08-25 23:44:32;click
03;2017-08-25;2017-08-25 23:44:16;open
23;2017-08-25;2017-08-25 21:28:19;open
03;2017-08-25;2017-08-25 19:25:05;open
13;2017-08-25;2017-08-25 18:25:45;click
13;2017-08-25;2017-08-25 18:24:36;open
16;2017-08-25;2017-08-25 17:44:24;open
10;2017-08-25;2017-08-25 17:43:36;click
10;2017-08-25;2017-08-25 17:43:33;click
16;2017-08-25;2017-08-25 17:41:11;click
16;2017-08-25;2017-08-25 17:40:59;open
14;2017-08-25;2017-08-25 17:34:58;open
14;2017-08-25;2017-08-25 17:34:55;open
15;2017-06-09;2017-08-23 17:14:03;open
15;2017-06-09;2017-08-23 17:14:00;open
17;2017-07-14;2017-08-21 12:20:19;click
17;2017-07-14;2017-08-21 12:12:21;click
17;2017-07-14;2017-08-21 12:12:05;open
02;2017-07-21;2017-08-15 20:35:13;open
10;2017-06-09;2017-07-31 15:56:24;click
10;2017-06-09;2017-07-31 15:56:13;click
10;2017-06-09;2017-07-31 15:56:11;click
10;2017-07-21;2017-07-31 11:10:47;click
10;2017-07-21;2017-07-31 11:10:13;click
10;2017-07-21;2017-07-31 11:09:39;click
10;2017-07-21;2017-07-31 11:09:23;click
10;2017-07-21;2017-07-31 11:09:20;click
19;2017-07-21;2017-07-24 04:48:35;click
19;2017-07-21;2017-07-24 04:15:09;click
13;2017-07-21;2017-07-21 23:08:19;click
13;2017-07-21;2017-07-21 21:24:11;click
13;2017-07-21;2017-07-21 21:22:49;click
13;2017-07-21;2017-07-21 21:20:28;click
03;2017-07-21;2017-07-21 20:35:25;click
03;2017-07-21;2017-07-21 20:15:20;click
10;2017-07-21;2017-07-21 18:11:45;click
10;2017-07-21;2017-07-21 18:11:21;click
10;2017-07-21;2017-07-21 18:11:13;click
10;2017-07-21;2017-07-21 18:11:09;click
19;2017-07-14;2017-07-18 02:44:49;click
19;2017-07-14;2017-07-18 02:44:31;click
19;2017-07-14;2017-07-18 02:44:14;click
06;2017-07-14;2017-07-17 17:13:24;click
10;2017-07-14;2017-07-17 13:27:35;click
10;2017-07-14;2017-07-17 13:18:56;click
10;2017-07-14;2017-07-17 13:18:46;click
10;2017-07-14;2017-07-17 13:18:26;click
10;2017-07-14;2017-07-17 13:18:24;click
10;2017-07-14;2017-07-17 13:18:20;click
13;2017-07-14;2017-07-14 20:51:56;click
17;2017-07-14;2017-07-14 20:15:57;click
03;2017-07-14;2017-07-14 20:15:36;click
13;2017-07-14;2017-07-14 18:48:54;click
13;2017-07-14;2017-07-14 18:47:49;click
13;2017-07-14;2017-07-14 18:32:59;click
14;2017-07-14;2017-07-14 18:10:10;click
09;2017-07-14;2017-07-14 17:54:08;click
09;2017-07-14;2017-07-14 17:53:58;click
09;2017-07-14;2017-07-14 17:53:55;click
06;2017-07-14;2017-07-14 17:45:47;click
13;2017-07-07;2017-07-12 23:01:12;click
01;2017-07-07;2017-07-08 14:25:18;click
01;2017-07-07;2017-07-08 13:50:39;click
01;2017-07-07;2017-07-08 13:48:25;click
01;2017-07-07;2017-07-08 13:48:20;click
01;2017-07-07;2017-07-08 13:47:03;click
13;2017-07-07;2017-07-07 21:11:28;click
13;2017-07-07;2017-07-07 21:04:19;click
13;2017-07-07;2017-07-07 19:54:19;click
09;2017-07-07;2017-07-07 18:18:22;click
09;2017-07-07;2017-07-07 18:18:18;click
09;2017-07-07;2017-07-07 18:18:13;click
09;2017-07-07;2017-07-07 18:18:09;click
03;2017-07-07;2017-07-07 18:06:04;click
10;2017-07-07;2017-07-07 17:44:03;click
10;2017-07-07;2017-07-07 17:43:58;click
14;2017-07-07;2017-07-07 17:42:54;click
15;2017-07-07;2017-07-07 17:38:13;click
15;2017-07-07;2017-07-07 17:38:10;click
15;2017-07-07;2017-07-07 17:38:02;click
15;2017-07-07;2017-07-07 17:32:43;click
15;2017-07-07;2017-07-07 17:32:18;click
17;2017-06-30;2017-07-05 10:24:24;click
21;2017-06-30;2017-07-03 08:22:31;click
17;2017-03-17;2017-07-01 16:19:27;click
13;2017-06-30;2017-06-30 22:36:36;click
09;2017-06-30;2017-06-30 19:39:26;click
09;2017-06-30;2017-06-30 19:39:18;click
13;2017-06-30;2017-06-30 18:38:16;click
13;2017-06-30;2017-06-30 18:17:25;click
13;2017-06-30;2017-06-30 18:16:45;click
10;2017-06-09;2017-06-23 12:25:44;click
10;2017-06-09;2017-06-23 12:25:40;click
10;2017-06-16;2017-06-19 15:25:52;click
10;2017-06-16;2017-06-19 15:25:47;click
17;2017-06-16;2017-06-16 23:16:53;click
17;2017-06-16;2017-06-16 23:11:54;click
17;2017-06-16;2017-06-16 23:09:19;click
17;2017-06-16;2017-06-16 20:40:13;click
10;2017-06-09;2017-06-12 10:44:05;click
10;2017-06-09;2017-06-12 10:43:58;click
10;2017-06-09;2017-06-12 10:43:50;click
10;2017-06-09;2017-06-12 10:43:38;click
10;2017-06-09;2017-06-12 10:43:35;click
13;2017-06-09;2017-06-09 21:58:15;click
13;2017-06-09;2017-06-09 21:49:31;click
15;2017-06-09;2017-06-09 18:11:17;click
15;2017-06-09;2017-06-09 18:11:16;click
15;2017-06-09;2017-06-09 18:11:14;click
15;2017-06-09;2017-06-09 18:11:09;click
15;2017-06-09;2017-06-09 18:11:07;click
15;2017-06-09;2017-06-09 18:06:08;click
15;2017-06-09;2017-06-09 18:06:03;click
15;2017-06-09;2017-06-09 18:06:02;click
15;2017-06-09;2017-06-09 18:05:58;click
15;2017-06-09;2017-06-09 18:05:57;click
15;2017-06-09;2017-06-09 18:05:55;click
15;2017-06-09;2017-06-09 18:02:31;click
15;2017-06-09;2017-06-09 18:00:01;click
15;2017-06-09;2017-06-09 17:56:03;click
15;2017-06-09;2017-06-09 17:55:10;click
15;2017-06-09;2017-06-09 17:47:04;click
10;2017-05-26;2017-05-30 10:53:22;click
10;2017-05-26;2017-05-30 10:53:16;click
10;2017-05-26;2017-05-30 10:52:47;click
10;2017-05-26;2017-05-30 10:52:46;click
10;2017-05-26;2017-05-30 10:52:43;click
22;2017-05-26;2017-05-27 07:44:33;click
13;2017-05-26;2017-05-26 20:07:41;click
13;2017-05-26;2017-05-26 19:33:42;click
13;2017-05-26;2017-05-26 19:19:32;click
10;2017-05-19;2017-05-22 10:06:32;click
10;2017-05-19;2017-05-22 10:06:21;click
10;2017-05-19;2017-05-22 10:06:03;click
10;2017-05-19;2017-05-22 10:05:52;click
10;2017-05-19;2017-05-22 10:05:47;click
10;2017-05-19;2017-05-22 10:05:44;click
13;2017-05-19;2017-05-19 18:46:04;click
13;2017-05-19;2017-05-19 18:36:11;click
13;2017-05-19;2017-05-19 18:35:38;click
13;2017-05-19;2017-05-19 18:29:15;click
13;2017-05-19;2017-05-19 18:27:50;click
13;2017-05-19;2017-05-19 18:26:56;click
09;2017-05-19;2017-05-19 18:15:46;click
10;2017-05-12;2017-05-15 12:42:32;click
10;2017-05-12;2017-05-15 11:58:26;click
10;2017-05-12;2017-05-15 11:58:13;click
10;2017-05-12;2017-05-15 11:58:02;click
10;2017-05-12;2017-05-15 11:57:59;click
11;2017-05-12;2017-05-13 19:20:27;click
11;2017-05-12;2017-05-13 19:18:27;click
11;2017-05-12;2017-05-13 19:15:51;click
13;2017-05-12;2017-05-12 18:13:15;click
06;2017-05-12;2017-05-12 18:03:10;click
13;2017-05-12;2017-05-12 17:48:34;click
10;2017-05-05;2017-05-08 10:24:29;click
10;2017-05-05;2017-05-08 10:24:26;click
01;2017-05-05;2017-05-07 20:15:18;click
13;2017-05-05;2017-05-05 19:09:21;click
13;2017-05-05;2017-05-05 19:07:25;click
06;2017-04-28;2017-05-01 21:41:15;click
06;2017-04-28;2017-05-01 17:44:17;click
06;2017-04-28;2017-05-01 17:42:31;click
13;2017-04-28;2017-04-28 18:03:58;click
13;2017-04-21;2017-04-25 22:35:34;click
07;2017-04-21;2017-04-24 10:42:16;click
07;2017-04-21;2017-04-24 10:42:03;click
21;2017-04-21;2017-04-24 10:36:03;click
13;2017-04-21;2017-04-21 23:39:07;click
14;2017-04-21;2017-04-21 20:01:51;click
13;2017-04-21;2017-04-21 17:49:24;click
06;2017-04-21;2017-04-21 17:39:03;click
13;2017-04-21;2017-04-21 17:36:01;click
10;2017-04-21;2017-04-21 17:26:03;click
10;2017-04-21;2017-04-21 17:25:51;click
10;2017-04-21;2017-04-21 17:25:43;click
10;2017-04-21;2017-04-21 17:25:34;click
10;2017-04-21;2017-04-21 17:25:14;click
10;2017-04-21;2017-04-21 17:25:08;click
09;2017-04-21;2017-04-21 17:23:04;click
09;2017-04-21;2017-04-21 17:23:01;click
09;2017-04-21;2017-04-21 17:22:57;click
12;2017-02-17;2017-04-14 01:06:22;click
12;2017-02-17;2017-04-14 01:06:00;click
12;2017-02-17;2017-04-14 01:05:54;click
12;2017-02-17;2017-04-14 01:05:47;click
12;2017-02-17;2017-04-14 01:05:37;click
12;2017-02-17;2017-04-14 01:05:35;click
13;2017-03-17;2017-03-21 16:52:02;click
13;2017-03-17;2017-03-20 15:06:51;click
13;2017-03-17;2017-03-20 15:02:31;click
13;2017-03-17;2017-03-20 14:53:20;click
10;2017-03-17;2017-03-17 18:31:38;click
10;2017-03-17;2017-03-17 18:31:26;click
13;2017-03-17;2017-03-17 17:29:36;click
13;2017-03-17;2017-03-17 17:29:29;click
12;2017-03-10;2017-03-15 23:59:53;click
12;2017-03-10;2017-03-15 23:59:45;click
12;2017-03-10;2017-03-15 23:59:14;click
12;2017-03-10;2017-03-15 23:59:06;click
12;2017-03-10;2017-03-15 23:58:57;click
12;2017-03-10;2017-03-15 23:58:51;click
12;2017-03-10;2017-03-15 23:58:48;click
10;2017-03-10;2017-03-13 10:20:27;click
10;2017-03-10;2017-03-13 10:20:18;click
10;2017-03-10;2017-03-13 10:17:17;click
09;2017-03-10;2017-03-12 15:27:45;click
09;2017-03-10;2017-03-12 15:27:41;click
09;2017-03-10;2017-03-12 15:27:39;click
09;2017-03-10;2017-03-12 15:27:36;click
09;2017-03-10;2017-03-12 15:27:00;click
09;2017-03-10;2017-03-12 15:26:58;click
09;2017-03-10;2017-03-12 15:26:56;click
10;2017-03-10;2017-03-10 18:18:39;click
10;2017-03-10;2017-03-10 18:18:21;click
10;2017-03-03;2017-03-06 17:10:21;click
10;2017-03-03;2017-03-06 17:10:01;click
10;2017-03-03;2017-03-06 17:09:54;click
21;2017-03-03;2017-03-06 12:09:17;click
12;2017-02-24;2017-03-04 02:13:16;click
02;2017-03-03;2017-03-03 19:29:40;click
10;2017-02-24;2017-02-28 10:33:21;click
10;2017-02-24;2017-02-28 10:33:12;click
07;2017-02-24;2017-02-27 10:10:46;open
19;2017-02-24;2017-02-27 04:09:50;click
02;2017-02-24;2017-02-26 13:17:40;open
23;2017-02-24;2017-02-25 23:04:18;click
23;2017-02-24;2017-02-25 23:03:31;click
23;2017-02-24;2017-02-25 22:59:47;open
23;2017-02-24;2017-02-25 22:49:20;click
23;2017-02-24;2017-02-25 22:49:09;open
11;2017-02-24;2017-02-25 08:41:31;open
21;2017-02-24;2017-02-25 00:05:11;open
21;2017-02-24;2017-02-25 00:05:05;open
23;2017-02-24;2017-02-24 21:25:56;open
17;2017-02-24;2017-02-24 19:55:05;open
17;2017-02-24;2017-02-24 19:55:04;open
07;2017-02-24;2017-02-24 18:37:17;open
09;2017-02-24;2017-02-24 18:15:28;click
09;2017-02-24;2017-02-24 18:15:19;open
10;2017-02-24;2017-02-24 17:57:53;click
10;2017-02-24;2017-02-24 17:57:38;click
10;2017-02-24;2017-02-24 17:57:15;click
10;2017-02-17;2017-02-23 14:06:16;click
10;2017-02-17;2017-02-23 14:06:15;click
10;2017-02-17;2017-02-23 14:06:13;click
10;2017-02-17;2017-02-23 14:06:11;click
10;2017-02-17;2017-02-23 14:06:09;click
10;2017-02-17;2017-02-23 14:06:07;click
10;2017-02-17;2017-02-23 13:34:32;click
10;2017-02-17;2017-02-23 13:34:31;click
10;2017-02-17;2017-02-23 13:34:29;click
10;2017-02-17;2017-02-23 13:34:27;click
10;2017-02-17;2017-02-23 13:34:26;click
10;2017-02-17;2017-02-23 13:34:24;click
07;2017-02-17;2017-02-20 14:45:24;open
07;2017-02-17;2017-02-20 14:45:21;open
07;2017-02-17;2017-02-20 11:23:18;open
07;2017-02-17;2017-02-20 11:18:04;open
07;2017-02-17;2017-02-20 11:14:37;open
21;2017-02-17;2017-02-20 02:06:58;open
21;2017-02-17;2017-02-20 00:24:56;open
19;2017-02-17;2017-02-19 02:33:02;open
19;2017-02-17;2017-02-19 02:32:43;open
21;2017-02-17;2017-02-19 02:21:05;open
21;2017-02-17;2017-02-19 02:20:49;open
15;2017-02-17;2017-02-17 22:34:23;open
23;2017-02-17;2017-02-17 19:04:33;open
14;2017-02-17;2017-02-17 18:51:52;open
02;2017-02-17;2017-02-17 17:34:51;open
09;2017-02-17;2017-02-17 17:19:32;open
07;2017-02-10;2017-02-16 10:16:49;open
07;2017-02-10;2017-02-16 10:09:25;open
02;2017-02-03;2017-02-13 09:53:09;open
21;2017-02-10;2017-02-11 21:52:52;open
21;2017-02-10;2017-02-11 21:49:53;open
23;2017-02-10;2017-02-11 15:10:05;open
11;2017-02-10;2017-02-11 07:48:07;open
12;2017-02-10;2017-02-11 00:31:39;click
12;2017-02-10;2017-02-11 00:29:31;click
12;2017-02-10;2017-02-11 00:29:24;click
12;2017-02-10;2017-02-11 00:29:23;click
12;2017-02-10;2017-02-11 00:29:14;open
17;2017-02-10;2017-02-10 20:29:06;open
17;2017-02-10;2017-02-10 20:27:03;open
14;2017-02-10;2017-02-10 18:52:27;open
15;2017-02-10;2017-02-10 18:29:44;open
15;2017-02-10;2017-02-10 18:29:27;open
15;2017-02-10;2017-02-10 18:29:16;open
15;2017-02-10;2017-02-10 18:29:14;open
15;2017-02-10;2017-02-10 18:29:12;open
15;2017-02-10;2017-02-10 18:29:06;open
15;2017-02-10;2017-02-10 18:28:27;open
15;2017-02-10;2017-02-10 18:28:00;open
01;2017-02-10;2017-02-10 18:13:48;open
01;2017-02-10;2017-02-10 17:46:31;click
01;2017-02-10;2017-02-10 17:45:30;click
01;2017-02-10;2017-02-10 17:44:33;click
01;2017-02-10;2017-02-10 17:44:25;click
01;2017-02-10;2017-02-10 17:43:07;click
01;2017-02-10;2017-02-10 17:39:50;open
22;2017-02-10;2017-02-10 17:13:45;open
01;2017-02-10;2017-02-10 17:13:44;click
01;2017-02-10;2017-02-10 17:12:10;open
12;2017-02-03;2017-02-08 01:09:52;click
12;2017-02-03;2017-02-08 01:09:47;click
12;2017-02-03;2017-02-08 01:09:26;click
12;2017-02-03;2017-02-08 01:09:21;click
12;2017-02-03;2017-02-08 01:09:17;click
12;2017-02-03;2017-02-08 01:09:12;click
12;2017-02-03;2017-02-08 01:08:56;click
12;2017-02-03;2017-02-08 01:08:50;open
07;2017-02-03;2017-02-06 17:45:47;click
07;2017-02-03;2017-02-06 17:45:44;click
07;2017-02-03;2017-02-06 17:45:31;click
07;2017-02-03;2017-02-06 17:45:22;click
07;2017-02-03;2017-02-06 17:45:10;click
07;2017-02-03;2017-02-06 17:45:03;open
07;2017-02-03;2017-02-06 17:44:59;open
07;2017-02-03;2017-02-06 13:44:02;open
21;2017-02-03;2017-02-06 10:15:16;open
23;2017-02-03;2017-02-06 09:37:30;open
21;2017-02-03;2017-02-06 09:18:36;open
21;2017-02-03;2017-02-06 09:18:25;open
21;2017-02-03;2017-02-06 09:17:08;open
11;2017-02-03;2017-02-05 07:01:21;open
21;2017-02-03;2017-02-04 21:44:40;open
21;2017-02-03;2017-02-04 21:37:14;open
21;2017-02-03;2017-02-04 21:31:20;open
21;2017-02-03;2017-02-04 21:26:29;open
21;2017-02-03;2017-02-04 21:26:05;open
11;2017-02-03;2017-02-04 10:27:50;open
01;2017-02-03;2017-02-04 01:20:04;open
14;2017-02-03;2017-02-03 19:22:45;click
14;2017-02-03;2017-02-03 19:12:31;open
16;2017-02-03;2017-02-03 18:53:17;open
09;2017-02-03;2017-02-03 18:28:51;click
09;2017-02-03;2017-02-03 18:28:50;click
09;2017-02-03;2017-02-03 18:28:45;click
09;2017-02-03;2017-02-03 18:28:37;click
09;2017-02-03;2017-02-03 18:28:33;open
10;2017-02-03;2017-02-03 18:24:40;click
09;2017-02-03;2017-02-03 18:18:23;open
16;2017-02-03;2017-02-03 18:18:11;open
16;2017-02-03;2017-02-03 17:51:28;click
16;2017-02-03;2017-02-03 17:51:18;open
09;2017-02-03;2017-02-03 17:50:14;open
07;2017-01-13;2017-02-02 17:35:51;click
07;2017-01-13;2017-02-02 17:35:45;click
07;2017-01-13;2017-02-02 17:35:38;click
07;2017-01-13;2017-02-02 17:35:31;click
07;2017-01-13;2017-02-02 17:35:29;click
07;2017-01-13;2017-02-02 17:35:23;click
07;2017-01-13;2017-02-02 17:35:13;open
07;2017-01-13;2017-02-02 17:35:07;open
15;2017-01-27;2017-02-02 15:54:05;open
15;2017-01-27;2017-02-02 15:52:40;open
12;2017-01-27;2017-02-01 20:29:07;open
21;2017-01-27;2017-01-30 12:16:36;open
01;2017-01-27;2017-01-28 18:30:22;click
15;2017-01-27;2017-01-28 09:31:04;click
15;2017-01-27;2017-01-28 09:30:55;open
11;2017-01-27;2017-01-28 07:02:34;open
23;2017-01-27;2017-01-27 21:31:24;open
09;2017-01-27;2017-01-27 19:59:05;open
01;2017-01-27;2017-01-27 19:31:25;click
01;2017-01-27;2017-01-27 19:30:22;click
01;2017-01-27;2017-01-27 19:30:15;click
01;2017-01-27;2017-01-27 19:29:25;open
02;2017-01-27;2017-01-27 18:53:17;open
07;2017-01-27;2017-01-27 17:49:33;open
16;2017-01-27;2017-01-27 17:44:46;open
21;2017-01-27;2017-01-27 17:33:26;open
12;2017-01-20;2017-01-24 00:22:13;click
12;2017-01-20;2017-01-24 00:21:55;click
12;2017-01-20;2017-01-24 00:21:43;click
12;2017-01-20;2017-01-24 00:21:32;click
12;2017-01-20;2017-01-24 00:21:25;open
15;2017-01-20;2017-01-23 17:23:48;open
10;2017-01-20;2017-01-23 11:33:08;click
21;2017-01-20;2017-01-23 10:22:49;open
21;2017-01-20;2017-01-23 10:22:15;open
07;2017-01-20;2017-01-23 10:16:20;open
02;2017-01-20;2017-01-22 07:20:13;open
09;2017-01-20;2017-01-20 20:40:46;open
10;2017-01-20;2017-01-20 18:24:30;click
16;2017-01-20;2017-01-20 18:22:40;open
23;2017-01-20;2017-01-20 17:50:04;open
23;2017-01-20;2017-01-20 17:45:08;open
07;2017-01-13;2017-01-18 13:49:23;open
10;2017-01-13;2017-01-17 11:22:06;click
10;2017-01-13;2017-01-17 11:17:13;click
10;2017-01-13;2017-01-17 11:15:50;click
10;2017-01-13;2017-01-17 11:15:32;click
15;2017-01-13;2017-01-17 11:09:05;open
15;2017-01-13;2017-01-17 11:08:48;open
12;2017-01-13;2017-01-16 23:34:40;open
07;2017-01-13;2017-01-16 11:42:44;open
21;2017-01-13;2017-01-16 10:23:13;open
21;2017-01-13;2017-01-15 21:00:23;open
02;2017-01-13;2017-01-15 06:04:55;open
01;2017-01-13;2017-01-14 17:57:40;open
11;2017-01-13;2017-01-14 08:03:13;open
01;2017-01-13;2017-01-14 01:07:53;click
01;2017-01-13;2017-01-14 01:06:50;click
01;2017-01-13;2017-01-14 01:06:26;open
09;2017-01-13;2017-01-13 19:56:35;open
09;2017-01-13;2017-01-13 18:36:38;click
09;2017-01-13;2017-01-13 18:36:36;click
09;2017-01-13;2017-01-13 18:36:21;open
16;2017-01-13;2017-01-13 18:23:51;open
16;2017-01-13;2017-01-13 17:28:25;open
